key,issue_type,title,status,start_date,due_date,parent_key,selected
S14P31B102-1,에픽,프로젝트 기획 및 구체화,완료,2026-04-13,2026-04-19,,False
S14P31B102-2,스토리,프로젝트 기획 배경 및 기타 사전조사,완료,2026-04-13,2026-04-19,S14P31B102-1,False
S14P31B102-3,작업,공격/방어에 필요한 기술 사전조사,완료,2026-04-13,2026-04-19,S14P31B102-1,False
S14P31B102-4,작업,게이미피케이션과 학습의 관계에 대한 자료 조사,완료,2026-04-13,2026-04-19,S14P31B102-1,False
S14P31B102-10,작업,[FE] 화면 구성 목업,완료,2026-04-13,2026-04-19,S14P31B102-1,False
S14P31B102-13,작업,[FE] 화면 구성 목업,완료,2026-04-13,2026-04-19,S14P31B102-1,False
S14P31B102-6,작업,유저 시나리오 정리,완료,2026-04-13,2026-04-19,S14P31B102-1,False
S14P31B102-5,작업,[FE] 프론트 기본 UI 구성,완료,2026-04-13,2026-04-19,S14P31B102-1,False
S14P31B102-14,작업,[FE] 화면 구성 목업,완료,2026-04-13,2026-04-19,S14P31B102-1,False
S14P31B102-7,작업,예상 트래픽 산정,완료,2026-04-13,2026-04-19,S14P31B102-1,False
S14P31B102-11,작업,시나리오 챕터별 구체화,완료,2026-04-13,2026-04-19,S14P31B102-1,False
S14P31B102-12,작업,시나리오 챕터별 구체화,완료,2026-04-13,2026-04-19,S14P31B102-1,False
S14P31B102-17,작업,컨님 컨펌용 자료 준비,완료,2026-04-13,2026-04-19,S14P31B102-1,False
S14P31B102-18,작업,프롤로그 영상 스토리보드,완료,2026-04-13,2026-04-19,S14P31B102-1,False
S14P31B102-8,스토리,중간발표 준비,완료,2026-04-13,2026-04-19,S14P31B102-1,False
S14P31B102-9,작업,시나리오 챕터별 구체화,완료,2026-04-13,2026-04-19,S14P31B102-1,False
S14P31B102-15,작업,ERD 구성,완료,2026-04-13,2026-04-19,S14P31B102-1,False
S14P31B102-16,작업,ERD 구성,완료,2026-04-13,2026-04-19,S14P31B102-1,False
S14P31B102-19,작업,기술스택 리서치,완료,2026-04-13,2026-04-19,S14P31B102-1,False
S14P31B102-20,작업,기술스택 리서치,완료,2026-04-13,2026-04-19,S14P31B102-1,False
S14P31B102-21,작업,기술스택 리서치,완료,2026-04-13,2026-04-19,S14P31B102-1,False
S14P31B102-25,작업,중간발표 PPT 제작,완료,,,S14P31B102-1,False
S14P31B102-38,작업,중간발표 영상 편집,완료,,,S14P31B102-1,False
S14P31B102-22,에픽,챕터 1 프론트엔드 개발,,2026-04-20,2026-04-26,,False
S14P31B102-23,에픽,챕터 1 백엔드 개발,,2026-04-20,2026-04-26,,False
S14P31B102-24,에픽,챕터 1 관련 기타,,2026-04-20,2026-04-26,,False
S14P31B102-76,에픽,챕터 2 프론트엔드 개발,,2026-04-27,2026-05-03,,False
S14P31B102-77,에픽,챕터 2 백엔드 개발,,2026-04-27,2026-05-03,,False
S14P31B102-78,에픽,챕터 2 관련 기타,,2026-04-27,2026-05-03,,False
S14P31B102-232,에픽,챕터 3 프론트엔드 개발,,2026-05-04,2026-05-10,,False
S14P31B102-233,에픽,챕터 3 백엔드 개발,,2026-05-04,2026-05-10,,False
S14P31B102-222,에픽,챕터 3 관련 기타,,2026-05-04,2026-05-10,,False
S14P31B102-293,에픽,챕터 4 프론트엔드 개발,,2026-05-11,2026-05-17,,False
S14P31B102-294,에픽,챕터 4 백엔드 개발,,2026-05-11,2026-05-17,,False
S14P31B102-295,에픽,챕터 4 관련 기타,,2026-05-11,2026-05-17,,False
S14P31B102-85,스토리,FE 사용자 화면 관리,완료,2026-04-27,2026-05-03,S14P31B102-22,False
S14P31B102-87,작업,페이지 이동 시 전체 화면 해제 문제 수정,완료,2026-04-20,2026-04-26,S14P31B102-22,False
S14P31B102-37,작업,FE OS 배경화면 드래그 기능,완료,2026-04-20,2026-04-26,S14P31B102-22,False
S14P31B102-27,스토리,FE 프로젝트 스캐폴딩,완료,2026-04-20,2026-04-26,S14P31B102-22,False
S14P31B102-28,작업,FE 초기 뼈대 및 환경 설정 구성,완료,2026-04-20,2026-04-26,S14P31B102-22,False
S14P31B102-96,작업,백엔드의 story start와 연동,완료,2026-04-20,2026-04-26,S14P31B102-22,False
S14P31B102-70,작업,FE 랜딩 페이지 개발,완료,2026-04-20,2026-04-26,S14P31B102-22,False
S14P31B102-105,작업,FE 인증 관련 체계 마이그레이션,완료,2026-04-20,2026-04-26,S14P31B102-22,False
S14P31B102-104,버그,FE 게스트 모드로 시작해서 로그인할 시 JSESSIONID가 초기화되지 않는 문제,완료,2026-04-20,2026-04-26,S14P31B102-22,False
S14P31B102-34,작업,FE 브라우저 네트워크 탭 개발,완료,2026-04-20,2026-04-26,S14P31B102-22,False
S14P31B102-35,작업,FE 브라우저 탭 기능 개발,완료,2026-04-20,2026-04-26,S14P31B102-22,False
S14P31B102-30,스토리,기본 프론트엔드 컴포넌트 개발,완료,2026-04-27,2026-05-03,S14P31B102-22,False
S14P31B102-31,작업,FE OS 배경화면 개발,완료,2026-04-20,2026-04-26,S14P31B102-22,False
S14P31B102-32,버그,FE 우측 상단 ch1 글자 제거,완료,2026-04-20,2026-04-26,S14P31B102-22,False
S14P31B102-103,작업,FE outputBundle 런타임 어댑터 구체화,완료,2026-04-20,2026-04-26,S14P31B102-22,False
S14P31B102-40,작업,FE 윈도우 터미널 창 개발,완료,2026-04-20,2026-04-26,S14P31B102-22,False
S14P31B102-33,작업,FE 브라우저 기본 페이지 개발,완료,2026-04-20,2026-04-26,S14P31B102-22,False
S14P31B102-36,작업,FE F12 눌렀을 때 게임 내부 브라우저에서 개발자 도구 열기,완료,2026-04-20,2026-04-26,S14P31B102-22,False
S14P31B102-45,작업,FE 터미널 창 스크롤바 스타일에 맞게 수정,완료,2026-04-20,2026-04-26,S14P31B102-22,False
S14P31B102-54,작업,FE 개발자도구 console 추가,완료,2026-04-20,2026-04-26,S14P31B102-22,False
S14P31B102-55,작업,FE 브라우저 네트워크 탭 200 response 상세 페이지 추가,완료,2026-04-20,2026-04-26,S14P31B102-22,False
S14P31B102-56,작업,FE 브라우저 미니게임 팩멘 initial 개발,완료,2026-04-20,2026-04-26,S14P31B102-22,False
S14P31B102-57,작업,FE ctrl+w 눌렀을 때 게임 내부 브라우저 닫기,완료,2026-04-20,2026-04-26,S14P31B102-22,False
S14P31B102-59,작업,FE 기본 브라우저 우클릭 차단,완료,2026-04-20,2026-04-26,S14P31B102-22,False
S14P31B102-60,작업,"FE 게임 내 브라우저 우클릭 기능 개발 (새 탭, 탭 닫기, 개발자 도구 열기)",완료,2026-04-20,2026-04-26,S14P31B102-22,False
S14P31B102-61,작업,FE 게임 내 브라우저 ctrl+n 개발,완료,2026-04-20,2026-04-26,S14P31B102-22,False
S14P31B102-65,작업,FE connect_core() 입력시 강아지 등장,완료,2026-04-20,2026-04-26,S14P31B102-22,False
S14P31B102-66,작업,FE 강아지 대사 진행 mock data로 개발,완료,2026-04-20,2026-04-26,S14P31B102-22,False
S14P31B102-67,작업,FE 강아지 질문 채팅창 구현,완료,2026-04-20,2026-04-26,S14P31B102-22,False
S14P31B102-72,작업,FE 전체화면 필수 설정 추가,완료,2026-04-20,2026-04-26,S14P31B102-22,False
S14P31B102-75,작업,FE 챕터 선택 화면 구현,완료,2026-04-27,2026-05-03,S14P31B102-22,False
S14P31B102-74,작업,FE 닉네임 입력 화면 구현,완료,2026-04-27,2026-05-03,S14P31B102-22,False
S14P31B102-73,작업,FE 게스트 로그인 주의사항 팝업 추가,완료,2026-04-20,2026-04-26,S14P31B102-22,False
S14P31B102-82,작업,메신저 데이터 & 상태 설계,완료,2026-04-20,2026-04-26,S14P31B102-22,False
S14P31B102-83,작업,메신저 UI 컴포넌트,완료,2026-04-20,2026-04-26,S14P31B102-22,False
S14P31B102-84,작업,데스크탑·태스크바 통합,완료,2026-04-20,2026-04-26,S14P31B102-22,False
S14P31B102-97,작업,FE 스토리 시작/현재 노드/전이 API 연결,완료,,,S14P31B102-22,False
S14P31B102-98,작업,FE 백엔드 StoryNode 응답을 프론트 StoryNode로 정규화,완료,,,S14P31B102-22,False
S14P31B102-99,작업,FE storyRuntimeStore 기반 currentNode 관리 및 outputBundle 분배,완료,,,S14P31B102-22,False
S14P31B102-100,작업,FE 메신저 알림/채팅/기사 보기 transition 연결,완료,,,S14P31B102-22,False
S14P31B102-101,작업,FE 뉴스 카드/기사 상세 렌더링 연결,완료,,,S14P31B102-22,False
S14P31B102-102,작업,outputBundle 처리 1차 문서 작성,완료,,,S14P31B102-22,False
S14P31B102-111,작업,FE 게임 하단바 왼쪽에 종료버튼 추가,완료,2026-04-20,2026-04-26,S14P31B102-22,False
S14P31B102-112,작업,FE 게임 하단바 종료버튼 클릭시 게임 종료 안내문 전체 화면으로,완료,2026-04-20,2026-04-26,S14P31B102-22,False
S14P31B102-119,작업,FE 챕터 1 데이터 연동,완료,,,S14P31B102-22,False
S14P31B102-120,작업,FE 미니게임 1 팩맨 아이콘 및 기능 개선,완료,2026-04-20,2026-04-26,S14P31B102-22,False
S14P31B102-125,작업,ffmpeg을 활용한 비디오 분할 S3 업로드,완료,2026-04-20,2026-04-26,S14P31B102-22,False
S14P31B102-127,작업,output_bundle에 preVideo 있으면 비디오 재생 및 스킵 구현,완료,2026-04-20,2026-04-26,S14P31B102-22,False
S14P31B102-128,작업,bgm 재생 구현,완료,2026-04-20,2026-04-26,S14P31B102-22,False
S14P31B102-129,작업,작업표시줄에 bgm 볼륨 노브 구현,완료,2026-04-20,2026-04-26,S14P31B102-22,False
S14P31B102-134,작업,비디오 재생 전에 전체화면 강제하기,완료,2026-04-20,2026-04-26,S14P31B102-22,False
S14P31B102-137,작업,"FE SSAFY, Google 인증 선택 모달 구현",완료,,,S14P31B102-22,False
S14P31B102-138,작업,FE 메시지 창 픽셀 폰트 적용,완료,2026-04-20,2026-04-26,S14P31B102-22,False
S14P31B102-141,작업,FE 챕터 1 클리어 조건 추가,완료,2026-04-20,2026-04-26,S14P31B102-22,False
S14P31B102-149,작업,"FE 프론트엔드 BGM, SFX 재생 적용",완료,,,S14P31B102-22,False
S14P31B102-154,작업,FE 파비콘 변경,완료,2026-04-20,2026-04-26,S14P31B102-22,False
S14P31B102-155,작업,FE prod 개발자 도구 차단,완료,2026-04-20,2026-04-26,S14P31B102-22,False
S14P31B102-156,작업,FE 다음 챕터 see you in next week 추가,완료,2026-04-20,2026-04-26,S14P31B102-22,False
S14P31B102-160,작업,FE Chapter 1 세부 디자인 및 동작 QA,완료,2026-04-20,2026-04-26,S14P31B102-22,False
S14P31B102-162,버그,FE 다른 회원으로 로그인 시 이전 기록이 남아있는 문제,완료,2026-04-20,2026-04-26,S14P31B102-22,False
S14P31B102-163,버그,FE Chapter 1 새로고침 / 재진입 시 새로 시작하지 못하는 문제,완료,2026-04-20,2026-04-26,S14P31B102-22,False
S14P31B102-124,스토리,"FE AWS CloudFront에서 비디오, 오디오 다운로드 및 실행",완료,2026-04-27,2026-05-03,S14P31B102-22,False
S14P31B102-80,스토리,FE 메신저 개발,완료,2026-04-27,2026-05-03,S14P31B102-22,False
S14P31B102-164,작업,FE 프롤로그/에필로그 인게임 영상 삽입,완료,,,S14P31B102-22,False
S14P31B102-177,버그,SSH 인증 중 no 입력 시 터미널 조작 불가능 문제 해결,완료,,,S14P31B102-22,False
S14P31B102-174,버그,FE 커맨드 잘못된 입력 시 응답 통일,완료,2026-04-27,2026-05-03,S14P31B102-22,False
S14P31B102-42,스토리,윈도우 터미널 백엔드 개발,완료,2026-04-27,2026-05-03,S14P31B102-23,False
S14P31B102-26,스토리,BE 프로젝트 스캐폴딩,완료,2026-04-20,2026-04-26,S14P31B102-23,False
S14P31B102-29,작업,BE 기본 아키텍처 및 공통 환경 설정,완료,2026-04-20,2026-04-26,S14P31B102-23,False
S14P31B102-63,작업,Chapter 1 스토리 노드 API 구현,완료,2026-04-20,2026-04-26,S14P31B102-23,False
S14P31B102-39,작업,Chapter 1 스토리 노드 데이터 구조화,완료,2026-04-20,2026-04-26,S14P31B102-23,False
S14P31B102-41,작업,BE 윈도우 터미널 명령어 입력 REST API 구현,완료,2026-04-20,2026-04-26,S14P31B102-23,False
S14P31B102-71,작업,Google Java Format 스타일 적용,완료,,,S14P31B102-23,False
S14P31B102-62,작업,"RDS, ElastiCache 연결",완료,2026-04-20,2026-04-26,S14P31B102-23,False
S14P31B102-86,작업,S3 - CloudFront 연동 및 문서화,완료,,,S14P31B102-23,False
S14P31B102-89,작업,스토리 진행 API에 JWT 인증 추가,완료,2026-04-20,2026-04-26,S14P31B102-23,False
S14P31B102-90,스토리,BE AWS S3 presigned 요청 엔드포인트 개발,완료,2026-04-20,2026-04-26,S14P31B102-23,False
S14P31B102-91,작업,S3 기반 미디어 파일 업로드/다운로드 API 구현,완료,2026-04-20,2026-04-26,S14P31B102-23,False
S14P31B102-92,작업,프로젝트 환경 설정 및 Docker 인프라 동기화,완료,2026-04-20,2026-04-26,S14P31B102-23,False
S14P31B102-95,버그,securtiy config 테스트를 위한 과도한 허용 수정,완료,2026-04-20,2026-04-26,S14P31B102-23,False
S14P31B102-81,작업,BE 챕터 목록 조회 및 진행 상태 판별 API 구현,완료,2026-04-20,2026-04-26,S14P31B102-23,False
S14P31B102-110,작업,BE OAuth2 게스트 계정 연동 및 신규 가입 상태 관리 로직 개선,완료,,,S14P31B102-23,False
S14P31B102-135,스토리,SSAFY OAuth 연동,완료,,,S14P31B102-23,False
S14P31B102-136,작업,BE SSAFY OAuth 연동,완료,,,S14P31B102-23,False
S14P31B102-139,작업,BE 터미널 입력 transition 조건 수정,완료,2026-04-20,2026-04-26,S14P31B102-23,False
S14P31B102-140,작업,BE 챕터 클리어 동작 조건 수정,완료,2026-04-20,2026-04-26,S14P31B102-23,False
S14P31B102-157,버그,ddl config validate으로 수정,완료,2026-04-20,2026-04-26,S14P31B102-23,False
S14P31B102-158,작업,"BE story nodes bgm, playsound 등 업데이트 및 sql 수정",완료,2026-04-20,2026-04-26,S14P31B102-23,False
S14P31B102-159,작업,"BE dev, prod sql 백업용 dump 추출",완료,2026-04-20,2026-04-26,S14P31B102-23,False
S14P31B102-142,작업,BE 닉네임 설정 완료 시점에 DB에 사용자 데이터 삽입,완료,2026-04-27,2026-05-03,S14P31B102-23,False
S14P31B102-106,스토리,BE 닉네임 관련 로직 개선,완료,2026-04-27,2026-05-03,S14P31B102-23,False
S14P31B102-49,작업,ElasticSearch 세팅,완료,2026-04-27,2026-05-03,S14P31B102-24,False
S14P31B102-143,작업,Jenkins 세팅,완료,2026-04-20,2026-04-26,S14P31B102-24,False
S14P31B102-126,작업,"로컬, 개발, 배포 DB에 비디오, 오디오 주소 업데이트",완료,2026-04-20,2026-04-26,S14P31B102-24,False
S14P31B102-130,스토리,Chapter 1 스토리 노드 세부 수정,완료,2026-04-20,2026-04-26,S14P31B102-24,False
S14P31B102-52,스토리,CI/CD 세팅,완료,2026-04-27,2026-05-03,S14P31B102-24,False
S14P31B102-68,스토리,챕터 1 영상 및 효과,완료,2026-04-27,2026-05-03,S14P31B102-24,False
S14P31B102-69,작업,챕터 1 엔딩 영상 미드저니,완료,2026-04-20,2026-04-26,S14P31B102-24,False
S14P31B102-43,스토리,사용자 로그 분석 및 힌트 제공 플로우 정리,완료,2026-04-27,2026-05-03,S14P31B102-24,False
S14P31B102-44,작업,Mattermost 힌트 제공 플로우 정리,완료,2026-04-20,2026-04-26,S14P31B102-24,False
S14P31B102-123,작업,동영상 스트리밍 최적화 및 CDN(CloudFront) 인프라 구축,완료,2026-04-20,2026-04-26,S14P31B102-24,False
S14P31B102-121,스토리,INFRA S3 CloudFront 연동 및 설정,완료,2026-04-20,2026-04-26,S14P31B102-24,False
S14P31B102-122,작업,CloudFront CORS정책 설정,완료,2026-04-20,2026-04-26,S14P31B102-24,False
S14P31B102-46,작업,게임 내 루카스 힌트 제공 플로우 정리,완료,2026-04-27,2026-05-03,S14P31B102-24,False
S14P31B102-53,작업,설정 파일 정리,완료,2026-04-20,2026-04-26,S14P31B102-24,False
S14P31B102-64,작업,BE app Docker 컨테이너 설정,완료,2026-04-27,2026-05-03,S14P31B102-24,False
S14P31B102-50,작업,Logstash 세팅,완료,2026-04-27,2026-05-03,S14P31B102-24,False
S14P31B102-51,작업,프로젝트 내 Logback 설정,완료,2026-04-27,2026-05-03,S14P31B102-24,False
S14P31B102-48,스토리,ELK 세팅,완료,2026-04-27,2026-05-03,S14P31B102-24,False
S14P31B102-88,작업,n8n MR 리뷰 워크플로우 세팅,완료,2026-04-20,2026-04-26,S14P31B102-24,False
S14P31B102-116,작업,ELK EC2 세팅,완료,2026-04-20,2026-04-26,S14P31B102-24,False
S14P31B102-117,작업,ELK EC2 관련 문서 정리,완료,2026-04-20,2026-04-26,S14P31B102-24,False
S14P31B102-118,작업,k8s 마스터 노드 설정,완료,2026-04-20,2026-04-26,S14P31B102-24,False
S14P31B102-132,작업,prometheus 세팅,완료,2026-04-20,2026-04-26,S14P31B102-24,False
S14P31B102-133,작업,grafana 세팅,완료,2026-04-20,2026-04-26,S14P31B102-24,False
S14P31B102-150,스토리,인게임에서 재생될 영상 편집,완료,2026-04-27,2026-05-03,S14P31B102-24,False
S14P31B102-146,작업,BE Dockerfile 작성,완료,2026-04-27,2026-05-03,S14P31B102-24,False
S14P31B102-147,작업,FE Dockerfilie 작성,완료,2026-04-27,2026-05-03,S14P31B102-24,False
S14P31B102-148,작업,Jenkins 설정 문서 작성,완료,2026-04-27,2026-05-03,S14P31B102-24,False
S14P31B102-131,스토리,로깅 툴 세팅,완료,2026-04-27,2026-05-03,S14P31B102-24,False
S14P31B102-115,스토리,AWS 세팅,완료,2026-04-27,2026-05-03,S14P31B102-24,False
S14P31B102-199,작업,마스터 노드 ELK 스택 세팅,완료,2026-04-27,2026-05-03,S14P31B102-24,False
S14P31B102-153,작업,FE 버그 제보 게임 내의 email 아이콘으로,완료,2026-04-27,2026-05-03,S14P31B102-76,False
S14P31B102-161,버그,FE 게임 플레이 도중 이전 노드로 돌아갔을 때 다음 단계 플레이 안되는 문제,완료,2026-04-27,2026-05-03,S14P31B102-76,False
S14P31B102-169,버그,FE 처음 들어갔을 때 왼쪽 아이콘 클릭해도 채팅열기 되어야함,완료,2026-04-27,2026-05-03,S14P31B102-76,False
S14P31B102-170,버그,FE 터미널에 no 치면 작동 멈춤,완료,2026-04-27,2026-05-03,S14P31B102-76,False
S14P31B102-172,버그,FE 기사 제목 클릭 후 다시 리스트로 이동하기,완료,2026-04-27,2026-05-03,S14P31B102-76,False
S14P31B102-173,스토리,챕터 1 프론트 에러 개선,완료,2026-04-27,2026-05-03,S14P31B102-76,False
S14P31B102-175,버그,FE 루카스 스펠링 Lucas 로 통일,완료,2026-04-27,2026-05-03,S14P31B102-76,False
S14P31B102-176,버그,FE 터미널 안내문구 영어로 통일,완료,2026-04-27,2026-05-03,S14P31B102-76,False
S14P31B102-168,버그,FE 싸피 로그인 창 우측이 잘린 창이 뜸,완료,2026-04-27,2026-05-03,S14P31B102-76,False
S14P31B102-171,버그,"메시지 창에서 기사 보기를 클릭하지 않으면 좌측 브라우저 버튼, 좌측 아래 브라우저 아이콘을 클릭해도 기사가 보이지 않아요",완료,2026-04-27,2026-05-03,S14P31B102-76,False
S14P31B102-218,버그,FE 기사 가독성 개선 (bold 줄이거나 고딕체로 변경),완료,2026-05-04,2026-05-10,S14P31B102-76,False
S14P31B102-217,버그,FE 기사 body 부분 최대 최소 이상함 수정,완료,2026-05-04,2026-05-10,S14P31B102-76,False
S14P31B102-219,작업,게임 내 버그 신고 기능 구현,완료,2026-04-27,2026-05-03,S14P31B102-76,False
S14P31B102-220,스토리,챕터 2 개발,완료,2026-04-27,2026-05-03,S14P31B102-76,False
S14P31B102-224,작업,FE 브라우저 기반 힌트 제공,완료,2026-04-27,2026-05-03,S14P31B102-76,False
S14P31B102-225,작업,FE 브라우저 콘솔 결과와 터미널 출력 분리,완료,2026-04-27,2026-05-03,S14P31B102-76,False
S14P31B102-226,작업,FE 브라우저 새 탭 챕터 1과 2 분리,완료,2026-04-27,2026-05-03,S14P31B102-76,False
S14P31B102-237,작업,FE 영역 기반 폰트 설정 구조 리팩토링,완료,2026-04-27,2026-05-03,S14P31B102-76,False
S14P31B102-258,작업,FE 챕터별 상태 누수 개선,완료,2026-04-27,2026-05-03,S14P31B102-76,False
S14P31B102-259,작업,FE 터미널 map 애니메이션 개선,완료,2026-04-27,2026-05-03,S14P31B102-76,False
S14P31B102-203,작업,Elasticsearch 사용자 통계 관련 추출 로직 구현,완료,2026-04-27,2026-05-03,S14P31B102-77,False
S14P31B102-204,작업,RAG 프롬프트 조립 및 최종 힌트 API 구현,완료,2026-04-27,2026-05-03,S14P31B102-77,False
S14P31B102-202,작업,lucas_knowledge 세팅 및 Vector 검색 구현,완료,2026-04-27,2026-05-03,S14P31B102-77,False
S14P31B102-213,작업,BE 챕터 2 최근 기록 저장 로직 구현,완료,2026-04-27,2026-05-03,S14P31B102-77,False
S14P31B102-214,작업,BE 챕터 2 가상 터미널 로직 구현,완료,2026-04-27,2026-05-03,S14P31B102-77,False
S14P31B102-200,작업,BE 유저의 행동 정보 + 정답 일치 데이터를 바탕으로 로그 데이터 정의,완료,2026-04-27,2026-05-03,S14P31B102-77,False
S14P31B102-201,작업,BE ElasticSearch에서 사용할 로그 데이터 출력부 추가,완료,2026-04-27,2026-05-03,S14P31B102-77,False
S14P31B102-212,스토리,챕터 2 api 구현 및 연동,완료,2026-04-27,2026-05-03,S14P31B102-77,False
S14P31B102-223,스토리,AI 힌트 개발,완료,2026-04-27,2026-05-03,S14P31B102-77,False
S14P31B102-246,작업,BE 터미널 이전 기록 확인하기 기능 구현,완료,2026-04-27,2026-05-03,S14P31B102-77,False
S14P31B102-247,작업,BE 터미널 tab 자동완성 기능 구현,완료,2026-04-27,2026-05-03,S14P31B102-77,False
S14P31B102-196,스토리,"개발 k8s, Nginx 세팅",완료,2026-04-27,2026-05-03,S14P31B102-78,False
S14P31B102-227,스토리,prod서버 metric기반 hpa세팅,완료,2026-04-27,2026-05-03,S14P31B102-78,False
S14P31B102-145,작업,자동 릴리즈 연결,완료,2026-04-27,2026-05-03,S14P31B102-78,False
S14P31B102-182,스토리,챕터 2 스토리 데이터 구조화,완료,2026-04-27,2026-05-03,S14P31B102-78,False
S14P31B102-144,작업,Jenkinsfile 작성,완료,2026-04-27,2026-05-03,S14P31B102-78,False
S14P31B102-113,작업,develop 서버 구축,완료,2026-04-27,2026-05-03,S14P31B102-78,False
S14P31B102-114,작업,develop 서버 CD 설정,완료,2026-04-27,2026-05-03,S14P31B102-78,False
S14P31B102-165,스토리,로깅 관련 세팅 및 개발,완료,2026-04-27,2026-05-03,S14P31B102-78,False
S14P31B102-166,작업,prometheus docker 포트 추가,완료,2026-04-27,2026-05-03,S14P31B102-78,False
S14P31B102-167,작업,챕터 2 스토리 구체화,완료,2026-04-27,2026-05-03,S14P31B102-78,False
S14P31B102-183,작업,챕터 2 스토리 노드 생성,완료,2026-04-27,2026-05-03,S14P31B102-78,False
S14P31B102-180,작업,k8s 하이브리드 셋업,완료,2026-04-27,2026-05-03,S14P31B102-78,False
S14P31B102-184,작업,챕터 2 스토리 트랜지션 생성,완료,2026-04-27,2026-05-03,S14P31B102-78,False
S14P31B102-190,스토리,infra alb-k8s 운영 배포 세팅,완료,2026-04-27,2026-05-03,S14P31B102-78,False
S14P31B102-181,작업,Loki 세팅,완료,2026-04-27,2026-05-03,S14P31B102-78,False
S14P31B102-191,작업,"acm 발급 및 가비아, alb 할당",완료,2026-04-27,2026-05-03,S14P31B102-78,False
S14P31B102-231,작업,hpa deployment 관련 Jenkinfile 수정,완료,2026-04-27,2026-05-03,S14P31B102-78,False
S14P31B102-229,작업,k8s 내부 네트워크 주소 tailscale기반 주소로 변경,완료,2026-04-27,2026-05-03,S14P31B102-78,False
S14P31B102-228,작업,metric api 설치 및 세팅,완료,2026-04-27,2026-05-03,S14P31B102-78,False
S14P31B102-197,작업,가비아에 개발 서버 주소 등록,완료,2026-04-27,2026-05-03,S14P31B102-78,False
S14P31B102-192,작업,k8s ingress 설정,완료,2026-04-27,2026-05-03,S14P31B102-78,False
S14P31B102-193,작업,"k8s 워커 노드에 백엔드, 프론트 엔드 파드 deploy",완료,2026-04-27,2026-05-03,S14P31B102-78,False
S14P31B102-198,작업,개발 서버 Nginx 세팅,완료,2026-04-27,2026-05-03,S14P31B102-78,False
S14P31B102-207,작업,tailscale관련 논의,완료,2026-04-27,2026-05-03,S14P31B102-78,False
S14P31B102-208,작업,개발 서버 설정 문서화,완료,2026-04-27,2026-05-03,S14P31B102-78,False
S14P31B102-206,작업,"Nginx 가비아, certbot 등록",완료,2026-04-27,2026-05-03,S14P31B102-78,False
S14P31B102-205,작업,NginX 설치 및 설정,완료,2026-04-27,2026-05-03,S14P31B102-78,False
S14P31B102-194,버그,k8s yaml 세팅 수정 to nodeport,완료,2026-04-27,2026-05-03,S14P31B102-78,False
S14P31B102-209,작업,Prometheus 도커에서 k8s 로깅으로 미그레이션,완료,2026-04-27,2026-05-03,S14P31B102-78,False
S14P31B102-210,스토리,"BGM, 영상 등 에셋",완료,2026-04-27,2026-05-03,S14P31B102-78,False
S14P31B102-211,작업,챕터 2 미드저니,완료,2026-04-27,2026-05-03,S14P31B102-78,False
S14P31B102-215,작업,로그 데이터에 성공/실패/에러로 세분화하기,완료,2026-04-27,2026-05-03,S14P31B102-78,False
S14P31B102-216,작업,loki 도커에서 k8s 로깅으로 미그레이션,완료,2026-04-27,2026-05-03,S14P31B102-78,False
S14P31B102-230,작업,metric 기반 hpa deployment yaml파일 추가,완료,2026-04-27,2026-05-03,S14P31B102-78,False
S14P31B102-240,작업,FE 메시지 알림 글자 수정,완료,2026-04-27,2026-05-03,S14P31B102-78,False
S14P31B102-241,작업,FE 브라우저 창 기본 크기 수정,완료,2026-04-27,2026-05-03,S14P31B102-78,False
S14P31B102-242,버그,진행 전에 브라우저 데이터 없음 표시 수정,완료,2026-04-27,2026-05-03,S14P31B102-78,False
S14P31B102-243,버그,정답 데이터 JS 분석으로 확인 가능한 문제 수정,완료,2026-04-27,2026-05-03,S14P31B102-78,False
S14P31B102-238,작업,FE 폰트 수정,완료,2026-04-27,2026-05-03,S14P31B102-78,False
S14P31B102-239,버그,FE 2088 년도 수정,완료,2026-04-27,2026-05-03,S14P31B102-78,False
S14P31B102-251,작업,챕터 2 스토리 후반부 구현,완료,2026-04-27,2026-05-03,S14P31B102-78,False
S14P31B102-255,작업,챕터 2 복수 정답 처리 및 노드 분기 수정,완료,2026-04-27,2026-05-03,S14P31B102-78,False
S14P31B102-252,작업,Mattermost 운영 리포트 알림 플로우 추가,완료,,,S14P31B102-78,False
S14P31B102-261,스토리,챕터 2 QA 수정,완료,2026-05-04,2026-05-10,S14P31B102-232,False
S14P31B102-260,스토리,챕터 3 컴포넌트 개발,완료,2026-05-04,2026-05-10,S14P31B102-232,False
S14P31B102-262,작업,액세스 토큰 만료 시 리프레시 처리 로직 개선,완료,2026-05-04,2026-05-10,S14P31B102-232,False
S14P31B102-264,작업,좀비 세션 방지 및 네트워크/서버 에러 글로벌 핸들링 추가,완료,2026-05-04,2026-05-10,S14P31B102-232,False
S14P31B102-265,작업,GA4 및 Clarity 분석 허용 여부 관련 패널 수정,완료,2026-05-04,2026-05-10,S14P31B102-232,False
S14P31B102-266,작업,FE 메모장 기능 개발,완료,2026-05-04,2026-05-10,S14P31B102-232,False
S14P31B102-271,작업,FE 하단바 브라우저 아이콘 클릭시 현재 버전 기사 효과 나오게 수정,완료,2026-05-04,2026-05-10,S14P31B102-232,False
S14P31B102-267,작업,"챕터 2 관련 비디오, 오디오 sql 추가",완료,2026-05-04,2026-05-10,S14P31B102-232,False
S14P31B102-269,작업,뉴스 기사 관련 피드백 반영,완료,2026-05-04,2026-05-10,S14P31B102-232,False
S14P31B102-270,작업,챕터 3 입력 피드백 개선,완료,2026-05-04,2026-05-10,S14P31B102-232,False
S14P31B102-268,작업,FE 한국어 버전 영어 버전 분리 및 한국어 사용자에게는 한국어 안내 문구 사용,완료,2026-05-04,2026-05-10,S14P31B102-232,False
S14P31B102-278,작업,FE 리다이렉션 에러 수정,완료,2026-05-04,2026-05-10,S14P31B102-232,False
S14P31B102-288,작업,로비에서 챕터 접근 시 챕터 해금 로직 추가,완료,2026-05-04,2026-05-10,S14P31B102-232,False
S14P31B102-296,작업,FE 프론트엔드 로컬 개발 환경 수정,완료,2026-05-04,2026-05-10,S14P31B102-232,False
S14P31B102-297,작업,FE 챕터 3 시작부분 벨소리 추가,완료,2026-05-04,2026-05-10,S14P31B102-232,False
S14P31B102-272,스토리,챕터 3 스토리 개발,완료,2026-05-04,2026-05-10,S14P31B102-233,False
S14P31B102-273,작업,챕터 3 스토리 노드로 분리,완료,2026-05-04,2026-05-10,S14P31B102-233,False
S14P31B102-274,작업,챕터 3 스토리 노드 DB 적재 및 테스트,완료,2026-05-04,2026-05-10,S14P31B102-233,False
S14P31B102-187,작업,챕터3 스토리 구체화,완료,2026-04-27,2026-05-03,S14P31B102-222,False
S14P31B102-282,스토리,기타 개발,완료,2026-05-04,2026-05-10,S14P31B102-222,False
S14P31B102-292,작업,챕터 3 프롤로그/에필로그 영상 제작 및 편집,완료,2026-05-04,2026-05-10,S14P31B102-222,False
S14P31B102-275,스토리,CI/CD 및 클라우드 관련 개발 및 수정,완료,2026-05-04,2026-05-10,S14P31B102-222,False
S14P31B102-188,스토리,스토리 구체화,완료,2026-05-04,2026-05-10,S14P31B102-222,False
S14P31B102-263,작업,"최근 로그인 DB 추가, CH4 ssh 해킹 공격 관련 스토리 추가",완료,2026-05-04,2026-05-10,S14P31B102-222,False
S14P31B102-283,작업,최근 로그인 기록하는 로직 추가,완료,2026-05-04,2026-05-10,S14P31B102-222,False
S14P31B102-276,작업,Logstash 로그 파싱 내용 기반 Mattermost 힌트 생성 수정,완료,2026-05-04,2026-05-10,S14P31B102-222,False
S14P31B102-279,작업,챕터 3 대사 구체화,완료,2026-05-04,2026-05-10,S14P31B102-222,False
S14P31B102-280,작업,챕터 3 임베딩 및 힌트 정합성 점검,완료,2026-05-04,2026-05-10,S14P31B102-222,False
S14P31B102-281,작업,챕터 4 스토리 구체화,완료,2026-05-04,2026-05-10,S14P31B102-222,False
S14P31B102-277,작업,챕터 3 미니게임 추가,완료,2026-05-04,2026-05-10,S14P31B102-222,False
S14P31B102-284,작업,"Clarity, Google Analytics 도입",완료,2026-05-04,2026-05-10,S14P31B102-222,False
S14P31B102-286,작업,RAG 파이프라인 경량화,완료,2026-05-04,2026-05-10,S14P31B102-222,False
S14P31B102-287,작업,RAG 파이프라인 고도화,완료,2026-05-04,2026-05-10,S14P31B102-222,False
S14P31B102-291,작업,챕터 3 미니게임 제작,완료,2026-05-04,2026-05-10,S14P31B102-222,False
S14P31B102-285,버그,챕터 1 기사 스크롤 타이밍 수정,완료,2026-05-04,2026-05-10,S14P31B102-222,False
S14P31B102-298,작업,반복되는 분기에서 유의미한 힌트를 낼 수 있게끔 RAG 힌트 조정,완료,,,S14P31B102-222,False
S14P31B102-299,스토리,FE QA 기반 수정,진행 중,2026-05-11,2026-05-17,S14P31B102-293,False
S14P31B102-300,스토리,FE 챕터 4 개발,진행 중,2026-05-11,2026-05-17,S14P31B102-293,False
S14P31B102-315,작업,FE 챕터 4 챕터별 상태 전이 수정 및 메모 힌트 추가,완료,2026-05-11,2026-05-17,S14P31B102-293,False
S14P31B102-305,작업,브라우저 힌트 시스템 구현,완료,2026-05-11,2026-05-17,S14P31B102-293,False
S14P31B102-306,작업,FE 챕터 4 계속 버튼 삭제,완료,2026-05-11,2026-05-17,S14P31B102-293,False
S14P31B102-308,작업,FE BGM/효과음 관련 SQL 추가,완료,2026-05-11,2026-05-17,S14P31B102-293,False
S14P31B102-310,버그,FE 챕터 4 ssh 이동 시 계정 이름이 안 바뀌고 응답으로 메시지가 나옴,완료,2026-05-11,2026-05-17,S14P31B102-293,False
S14P31B102-324,작업,FE 챕터 4 길건너친구들 연결,완료,2026-05-11,2026-05-17,S14P31B102-293,False
S14P31B102-311,버그,FE 챕터 4 한번 진행된 명령어 있는거여도 command not found 나옴,완료,2026-05-11,2026-05-17,S14P31B102-293,False
S14P31B102-323,작업,FE 미니게임들 curl 접근 차단 및 챕터별 상태관리 개선,완료,2026-05-11,2026-05-17,S14P31B102-293,False
S14P31B102-319,작업,FE 미니게임 403 에러 수정,완료,2026-05-11,2026-05-17,S14P31B102-293,False
S14P31B102-328,버그,FE 챕터 4 Lucas Survival 창 문제,완료,2026-05-11,2026-05-17,S14P31B102-293,False
S14P31B102-317,작업,FE 챕터 4 엔딩 분기 저장 로직 구현,완료,2026-05-11,2026-05-17,S14P31B102-293,False
S14P31B102-313,작업,FE 챕터 4 엔딩 분기 클리어마다 로비/타이틀 화면 변경,완료,2026-05-11,2026-05-17,S14P31B102-293,False
S14P31B102-307,작업,"FE 메모장 영어 폰트, 터미널 제목 영어 폰트 일관성 수정",완료,2026-05-11,2026-05-17,S14P31B102-293,False
S14P31B102-309,작업,FE 윈도우 마우스 올리면 십자 화살표 표시 수정,완료,2026-05-11,2026-05-17,S14P31B102-293,False
S14P31B102-312,버그,FE 챕터 4 비밀번호 입력 안 해도 root 접속 가능한 문제,해야 할 일,2026-05-11,2026-05-17,S14P31B102-293,False
S14P31B102-314,버그,FE 미니게임 포커스 아웃 시 스페이스바 동작 차단,완료,2026-05-11,2026-05-17,S14P31B102-293,False
S14P31B102-316,작업,FE 챕터 4 미니게임 연결부 추가 및 난이도 개선,완료,2026-05-11,2026-05-17,S14P31B102-293,False
S14P31B102-318,작업,FE 미니게임 천국 개발,완료,2026-05-11,2026-05-17,S14P31B102-293,False
S14P31B102-320,작업,FE 관리자용 대시보드 구현 (인증 인가 및 정적 페이지),완료,2026-05-11,2026-05-17,S14P31B102-293,False
S14P31B102-321,작업,FE 관리자용 대시보드 구현 (Elastic Search 연동),완료,2026-05-11,2026-05-17,S14P31B102-293,False
S14P31B102-322,작업,FE 메모장 힌트 사라진 것 복원,완료,2026-05-11,2026-05-17,S14P31B102-293,False
S14P31B102-325,작업,엔딩 크레딧 추가,완료,2026-05-11,2026-05-17,S14P31B102-293,False
S14P31B102-339,작업,FE 브라우저 우클릭 컴포넌트 사라지지 않는 오류 수정,완료,2026-05-11,2026-05-17,S14P31B102-293,False
S14P31B102-326,작업,FE 길건너 친구들 미니게임 개발,완료,2026-05-11,2026-05-17,S14P31B102-293,False
S14P31B102-327,버그,FE ch4 팩맨 노출 차단,완료,2026-05-11,2026-05-17,S14P31B102-293,False
S14P31B102-329,작업,FE 챕터 4 프로토타입 개발,완료,2026-05-11,2026-05-17,S14P31B102-293,False
S14P31B102-330,작업,FE 메신저 및 윈도우 인터랙션 개선과 기사 글리치 성능 최적화,완료,2026-05-11,2026-05-17,S14P31B102-293,False
S14P31B102-337,작업,BE 챕터 4 RAG 데이터 적재 및 임베딩,완료,2026-05-11,2026-05-17,S14P31B102-294,False
S14P31B102-301,스토리,백엔드 QA 기반 수정,진행 중,2026-05-11,2026-05-17,S14P31B102-294,False
S14P31B102-302,스토리,백엔드 챕터 4 개발,진행 중,2026-05-11,2026-05-17,S14P31B102-294,False
S14P31B102-333,작업,백엔드 챕터 접근 해싱 기능,완료,2026-05-11,2026-05-17,S14P31B102-294,False
S14P31B102-334,작업,FE 네트워크 예외 처리 UX 개선 및 미니게임 세션 만료(Silent Death) 버그 해결,완료,2026-05-11,2026-05-17,S14P31B102-294,False
S14P31B102-331,작업,laplace.qasm 실행 이후 분기 관련 노드 수정,완료,2026-05-11,2026-05-17,S14P31B102-294,False
S14P31B102-332,작업,미니게임 모음 화면 오류 수정,완료,2026-05-11,2026-05-17,S14P31B102-294,False
S14P31B102-335,작업,백엔드 QA 기반 수정 5,해야 할 일,2026-05-11,2026-05-17,S14P31B102-294,False
S14P31B102-336,작업,"챕터4 QA 기반 기능, 디테일 수정",완료,2026-05-11,2026-05-17,S14P31B102-294,False
S14P31B102-338,작업,BE 챕터 4 RAG 서빙 및 QA,완료,2026-05-11,2026-05-17,S14P31B102-294,False
S14P31B102-340,작업,백엔드 챕터 4 개발 5,해야 할 일,2026-05-11,2026-05-17,S14P31B102-294,False
S14P31B102-304,스토리,인프라 관련 세팅 및 수정,진행 중,2026-05-11,2026-05-17,S14P31B102-295,False
S14P31B102-303,스토리,최종 발표 준비,진행 중,2026-05-11,2026-05-17,S14P31B102-295,False
S14P31B102-341,작업,최종 발표 스크립트 및 리허설,해야 할 일,2026-05-11,2026-05-17,S14P31B102-295,False
S14P31B102-342,작업,최종 발표 (포트폴리오) 영상 제작 1,진행 중,2026-05-11,2026-05-17,S14P31B102-295,False
S14P31B102-343,작업,최종 발표 (포트폴리오) 영상 제작 2,완료,2026-05-11,2026-05-17,S14P31B102-295,False
S14P31B102-344,작업,최종 발표 자료 제작,해야 할 일,2026-05-11,2026-05-17,S14P31B102-295,False
S14P31B102-345,작업,"기존 프리티어 계정에서 RDS, EC2 마이그레이션",완료,2026-05-11,2026-05-17,S14P31B102-295,False
S14P31B102-346,작업,MM 힌트 cronjob 오류 수정,완료,2026-05-11,2026-05-17,S14P31B102-295,False
S14P31B102-347,작업,"포팅 매뉴얼 1번, 2번 준비",완료,2026-05-11,2026-05-17,S14P31B102-295,False
S14P31B102-348,작업,인프라 관련 4,해야 할 일,2026-05-11,2026-05-17,S14P31B102-295,False
S14P31B102-349,작업,인프라 관련 5,해야 할 일,2026-05-11,2026-05-17,S14P31B102-295,False
