2026-04-29T09:00:00+09:00	248.0
2026-04-29T10:00:00+09:00	357.0
2026-04-29T11:00:00+09:00	308.0
2026-04-29T12:00:00+09:00	306.0
2026-04-29T13:00:00+09:00	302.0
2026-04-29T14:00:00+09:00	823.0
2026-04-29T15:00:00+09:00	327.0
2026-04-29T16:00:00+09:00	383.0
2026-04-29T17:00:00+09:00	299.0
2026-04-29T18:00:00+09:00	242.0
2026-04-29T19:00:00+09:00	246.0
2026-04-29T20:00:00+09:00	319.0
2026-04-29T21:00:00+09:00	244.0
2026-04-29T22:00:00+09:00	246.0
2026-04-29T23:00:00+09:00	247.0
2026-04-30T00:00:00+09:00	311.0
2026-04-30T01:00:00+09:00	238.0
2026-04-30T02:00:00+09:00	240.0
2026-04-30T03:00:00+09:00	292.0
2026-04-30T04:00:00+09:00	245.0
2026-04-30T05:00:00+09:00	245.0
2026-04-30T06:00:00+09:00	284.0
2026-04-30T07:00:00+09:00	264.0
2026-04-30T08:00:00+09:00	387.0
2026-04-30T09:00:00+09:00	657.0
2026-04-30T10:00:00+09:00	276.0
2026-04-30T11:00:00+09:00	331.0
2026-04-30T12:00:00+09:00	548.0
2026-04-30T13:00:00+09:00	779.0
2026-04-30T14:00:00+09:00	476.0
2026-04-30T15:00:00+09:00	358.0
2026-04-30T16:00:00+09:00	377.0
2026-04-30T17:00:00+09:00	336.0
2026-04-30T18:00:00+09:00	256.0
2026-04-30T19:00:00+09:00	245.0
2026-04-30T20:00:00+09:00	245.0
2026-04-30T21:00:00+09:00	279.0
2026-04-30T22:00:00+09:00	252.0
2026-04-30T23:00:00+09:00	256.0
2026-05-01T00:00:00+09:00	245.0
2026-05-01T01:00:00+09:00	249.0
2026-05-01T02:00:00+09:00	246.0
2026-05-01T03:00:00+09:00	240.0
2026-05-01T04:00:00+09:00	252.0
2026-05-01T05:00:00+09:00	247.0
2026-05-01T06:00:00+09:00	240.0
2026-05-01T07:00:00+09:00	245.0
2026-05-01T08:00:00+09:00	266.0
2026-05-01T09:00:00+09:00	269.0
2026-05-01T10:00:00+09:00	246.0
2026-05-01T11:00:00+09:00	240.0
2026-05-01T12:00:00+09:00	246.0
2026-05-01T13:00:00+09:00	251.0
2026-05-01T14:00:00+09:00	245.0
2026-05-01T15:00:00+09:00	241.0
2026-05-01T16:00:00+09:00	260.0
2026-05-01T17:00:00+09:00	262.0
2026-05-01T18:00:00+09:00	246.0
2026-05-01T19:00:00+09:00	244.0
2026-05-01T20:00:00+09:00	246.0
2026-05-01T21:00:00+09:00	305.0
2026-05-01T22:00:00+09:00	249.0
2026-05-01T23:00:00+09:00	424.0
2026-05-02T00:00:00+09:00	332.0
2026-05-02T01:00:00+09:00	255.0
2026-05-02T02:00:00+09:00	249.0
2026-05-02T03:00:00+09:00	245.0
2026-05-02T04:00:00+09:00	242.0
2026-05-02T05:00:00+09:00	244.0
2026-05-02T06:00:00+09:00	245.0
2026-05-02T07:00:00+09:00	241.0
2026-05-02T08:00:00+09:00	245.0
2026-05-02T09:00:00+09:00	892.0
2026-05-02T10:00:00+09:00	266.0
2026-05-02T11:00:00+09:00	245.0
2026-05-02T12:00:00+09:00	269.0
2026-05-02T13:00:00+09:00	256.0
2026-05-02T14:00:00+09:00	240.0
2026-05-02T15:00:00+09:00	290.0
2026-05-02T16:00:00+09:00	245.0
2026-05-02T17:00:00+09:00	242.0
2026-05-02T18:00:00+09:00	360.0
2026-05-02T19:00:00+09:00	278.0
2026-05-02T20:00:00+09:00	241.0
2026-05-02T21:00:00+09:00	258.0
2026-05-02T22:00:00+09:00	321.0
2026-05-02T23:00:00+09:00	810.0
2026-05-03T00:00:00+09:00	268.0
2026-05-03T01:00:00+09:00	284.0
2026-05-03T02:00:00+09:00	250.0
2026-05-03T03:00:00+09:00	265.0
2026-05-03T04:00:00+09:00	242.0
2026-05-03T05:00:00+09:00	252.0
2026-05-03T06:00:00+09:00	240.0
2026-05-03T07:00:00+09:00	241.0
2026-05-03T08:00:00+09:00	247.0
2026-05-03T09:00:00+09:00	245.0
2026-05-03T10:00:00+09:00	257.0
2026-05-03T11:00:00+09:00	254.0
2026-05-03T12:00:00+09:00	259.0
2026-05-03T13:00:00+09:00	256.0
2026-05-03T14:00:00+09:00	241.0
2026-05-03T15:00:00+09:00	248.0
2026-05-03T16:00:00+09:00	240.0
2026-05-03T17:00:00+09:00	240.0
2026-05-03T18:00:00+09:00	254.0
2026-05-03T19:00:00+09:00	257.0
2026-05-03T20:00:00+09:00	270.0
2026-05-03T21:00:00+09:00	367.0
2026-05-03T22:00:00+09:00	297.0
2026-05-03T23:00:00+09:00	246.0
2026-05-04T00:00:00+09:00	289.0
2026-05-04T01:00:00+09:00	241.0
2026-05-04T02:00:00+09:00	246.0
2026-05-04T03:00:00+09:00	264.0
2026-05-04T04:00:00+09:00	247.0
2026-05-04T05:00:00+09:00	240.0
2026-05-04T06:00:00+09:00	262.0
2026-05-04T07:00:00+09:00	245.0
2026-05-04T08:00:00+09:00	272.0
2026-05-04T09:00:00+09:00	373.0
2026-05-04T10:00:00+09:00	300.0
2026-05-04T11:00:00+09:00	326.0
2026-05-04T12:00:00+09:00	365.0
2026-05-04T13:00:00+09:00	2265.0
2026-05-04T14:00:00+09:00	3467.0
2026-05-04T15:00:00+09:00	1372.0
2026-05-04T16:00:00+09:00	667.0
2026-05-04T17:00:00+09:00	320.0
2026-05-04T18:00:00+09:00	246.0
2026-05-04T19:00:00+09:00	250.0
2026-05-04T20:00:00+09:00	247.0
2026-05-04T21:00:00+09:00	247.0
2026-05-04T22:00:00+09:00	240.0
2026-05-04T23:00:00+09:00	250.0
2026-05-05T00:00:00+09:00	242.0
2026-05-05T01:00:00+09:00	246.0
2026-05-05T02:00:00+09:00	242.0
2026-05-05T03:00:00+09:00	240.0
2026-05-05T04:00:00+09:00	259.0
2026-05-05T05:00:00+09:00	240.0
2026-05-05T06:00:00+09:00	245.0
2026-05-05T07:00:00+09:00	240.0
2026-05-05T08:00:00+09:00	241.0
2026-05-05T09:00:00+09:00	245.0
2026-05-05T10:00:00+09:00	242.0
2026-05-05T11:00:00+09:00	245.0
2026-05-05T12:00:00+09:00	250.0
2026-05-05T13:00:00+09:00	240.0
2026-05-05T14:00:00+09:00	247.0
2026-05-05T15:00:00+09:00	249.0
2026-05-05T16:00:00+09:00	285.0
2026-05-05T17:00:00+09:00	344.0
2026-05-05T18:00:00+09:00	376.0
2026-05-05T19:00:00+09:00	245.0
2026-05-05T20:00:00+09:00	252.0
2026-05-05T21:00:00+09:00	288.0
2026-05-05T22:00:00+09:00	245.0
2026-05-05T23:00:00+09:00	246.0
2026-05-06T00:00:00+09:00	247.0
2026-05-06T01:00:00+09:00	248.0
2026-05-06T02:00:00+09:00	241.0
2026-05-06T03:00:00+09:00	247.0
2026-05-06T04:00:00+09:00	251.0
2026-05-06T05:00:00+09:00	246.0
2026-05-06T06:00:00+09:00	240.0
2026-05-06T07:00:00+09:00	240.0
2026-05-06T08:00:00+09:00	245.0
2026-05-06T09:00:00+09:00	459.0
2026-05-06T10:00:00+09:00	457.0
2026-05-06T11:00:00+09:00	325.0
2026-05-06T12:00:00+09:00	355.0
2026-05-06T13:00:00+09:00	462.0
2026-05-06T14:00:00+09:00	921.0
2026-05-06T15:00:00+09:00	308.0
2026-05-06T16:00:00+09:00	524.0
2026-05-06T17:00:00+09:00	354.0
2026-05-06T18:00:00+09:00	249.0
2026-05-06T19:00:00+09:00	242.0
2026-05-06T20:00:00+09:00	240.0
2026-05-06T21:00:00+09:00	263.0
2026-05-06T22:00:00+09:00	243.0
2026-05-06T23:00:00+09:00	250.0
2026-05-07T00:00:00+09:00	242.0
2026-05-07T01:00:00+09:00	242.0
2026-05-07T02:00:00+09:00	245.0
2026-05-07T03:00:00+09:00	242.0
2026-05-07T04:00:00+09:00	240.0
2026-05-07T05:00:00+09:00	255.0
2026-05-07T06:00:00+09:00	240.0
2026-05-07T07:00:00+09:00	245.0
2026-05-07T08:00:00+09:00	244.0
2026-05-07T09:00:00+09:00	283.0
2026-05-07T10:00:00+09:00	355.0
2026-05-07T11:00:00+09:00	245.0
2026-05-07T12:00:00+09:00	267.0
2026-05-07T13:00:00+09:00	308.0
2026-05-07T14:00:00+09:00	274.0
2026-05-07T15:00:00+09:00	289.0
2026-05-07T16:00:00+09:00	282.0
2026-05-07T17:00:00+09:00	531.0
2026-05-07T18:00:00+09:00	248.0
2026-05-07T19:00:00+09:00	241.0
2026-05-07T20:00:00+09:00	255.0
2026-05-07T21:00:00+09:00	249.0
2026-05-07T22:00:00+09:00	248.0
2026-05-07T23:00:00+09:00	245.0
2026-05-08T00:00:00+09:00	266.0
2026-05-08T01:00:00+09:00	245.0
2026-05-08T02:00:00+09:00	240.0
2026-05-08T03:00:00+09:00	242.0
2026-05-08T04:00:00+09:00	245.0
2026-05-08T05:00:00+09:00	246.0
2026-05-08T06:00:00+09:00	261.0
2026-05-08T07:00:00+09:00	397.0
2026-05-08T08:00:00+09:00	242.0
2026-05-08T09:00:00+09:00	258.0
2026-05-08T10:00:00+09:00	263.0
2026-05-08T11:00:00+09:00	253.0
2026-05-08T12:00:00+09:00	395.0
2026-05-08T13:00:00+09:00	416.0
2026-05-08T14:00:00+09:00	272.0
2026-05-08T15:00:00+09:00	244.0
2026-05-08T16:00:00+09:00	305.0
2026-05-08T17:00:00+09:00	245.0
2026-05-08T18:00:00+09:00	243.0
2026-05-08T19:00:00+09:00	261.0
2026-05-08T20:00:00+09:00	240.0
2026-05-08T21:00:00+09:00	240.0
2026-05-08T22:00:00+09:00	258.0
2026-05-08T23:00:00+09:00	244.0
2026-05-09T00:00:00+09:00	256.0
2026-05-09T01:00:00+09:00	241.0
2026-05-09T02:00:00+09:00	293.0
2026-05-09T03:00:00+09:00	247.0
2026-05-09T04:00:00+09:00	241.0
2026-05-09T05:00:00+09:00	245.0
2026-05-09T06:00:00+09:00	253.0
2026-05-09T07:00:00+09:00	240.0
2026-05-09T08:00:00+09:00	247.0
2026-05-09T09:00:00+09:00	242.0
2026-05-09T10:00:00+09:00	245.0
2026-05-09T11:00:00+09:00	240.0
2026-05-09T12:00:00+09:00	240.0
2026-05-09T13:00:00+09:00	245.0
2026-05-09T14:00:00+09:00	250.0
2026-05-09T15:00:00+09:00	240.0
2026-05-09T16:00:00+09:00	245.0
2026-05-09T17:00:00+09:00	244.0
2026-05-09T18:00:00+09:00	245.0
2026-05-09T19:00:00+09:00	240.0
2026-05-09T20:00:00+09:00	240.0
2026-05-09T21:00:00+09:00	245.0
2026-05-09T22:00:00+09:00	242.0
2026-05-09T23:00:00+09:00	256.0
2026-05-10T00:00:00+09:00	246.0
2026-05-10T01:00:00+09:00	242.0
2026-05-10T02:00:00+09:00	245.0
2026-05-10T03:00:00+09:00	240.0
2026-05-10T04:00:00+09:00	247.0
2026-05-10T05:00:00+09:00	240.0
2026-05-10T06:00:00+09:00	243.0
2026-05-10T07:00:00+09:00	257.0
2026-05-10T08:00:00+09:00	240.0
2026-05-10T09:00:00+09:00	240.0
2026-05-10T10:00:00+09:00	245.0
2026-05-10T11:00:00+09:00	240.0
2026-05-10T12:00:00+09:00	245.0
2026-05-10T13:00:00+09:00	240.0
2026-05-10T14:00:00+09:00	248.0
2026-05-10T15:00:00+09:00	260.0
2026-05-10T16:00:00+09:00	244.0
2026-05-10T17:00:00+09:00	257.0
2026-05-10T18:00:00+09:00	248.0
2026-05-10T19:00:00+09:00	240.0
2026-05-10T20:00:00+09:00	245.0
2026-05-10T21:00:00+09:00	241.0
2026-05-10T22:00:00+09:00	248.0
2026-05-10T23:00:00+09:00	251.0
2026-05-11T00:00:00+09:00	244.0
2026-05-11T01:00:00+09:00	251.0
2026-05-11T02:00:00+09:00	246.0
2026-05-11T03:00:00+09:00	245.0
2026-05-11T04:00:00+09:00	240.0
2026-05-11T05:00:00+09:00	242.0
2026-05-11T06:00:00+09:00	246.0
2026-05-11T07:00:00+09:00	251.0
2026-05-11T08:00:00+09:00	240.0
2026-05-11T09:00:00+09:00	344.0
2026-05-11T10:00:00+09:00	244.0
2026-05-11T11:00:00+09:00	245.0
2026-05-11T12:00:00+09:00	242.0
2026-05-11T13:00:00+09:00	242.0
2026-05-11T14:00:00+09:00	271.0
2026-05-11T15:00:00+09:00	274.0
2026-05-11T16:00:00+09:00	266.0
2026-05-11T17:00:00+09:00	326.0
2026-05-11T18:00:00+09:00	240.0
2026-05-11T19:00:00+09:00	245.0
2026-05-11T20:00:00+09:00	248.0
2026-05-11T21:00:00+09:00	245.0
2026-05-11T22:00:00+09:00	463.0
2026-05-11T23:00:00+09:00	825.0
2026-05-12T00:00:00+09:00	379.0
2026-05-12T01:00:00+09:00	250.0
2026-05-12T02:00:00+09:00	240.0
2026-05-12T03:00:00+09:00	286.0
2026-05-12T04:00:00+09:00	240.0
2026-05-12T05:00:00+09:00	245.0
2026-05-12T06:00:00+09:00	240.0
2026-05-12T07:00:00+09:00	240.0
2026-05-12T08:00:00+09:00	261.0
2026-05-12T09:00:00+09:00	493.0
2026-05-12T10:00:00+09:00	2641.0
2026-05-12T11:00:00+09:00	1622.0
2026-05-12T12:00:00+09:00	816.0
2026-05-12T13:00:00+09:00	574.0
2026-05-12T14:00:00+09:00	363.0
2026-05-12T15:00:00+09:00	376.0
2026-05-12T16:00:00+09:00	362.0
2026-05-12T17:00:00+09:00	594.0
2026-05-12T18:00:00+09:00	247.0
2026-05-12T19:00:00+09:00	271.0
2026-05-12T20:00:00+09:00	246.0
2026-05-12T21:00:00+09:00	245.0
2026-05-12T22:00:00+09:00	243.0
2026-05-12T23:00:00+09:00	240.0
2026-05-13T00:00:00+09:00	265.0
2026-05-13T01:00:00+09:00	250.0
2026-05-13T02:00:00+09:00	245.0
2026-05-13T03:00:00+09:00	250.0
2026-05-13T04:00:00+09:00	246.0
2026-05-13T05:00:00+09:00	246.0
2026-05-13T06:00:00+09:00	242.0
2026-05-13T07:00:00+09:00	245.0
2026-05-13T08:00:00+09:00	278.0
2026-05-13T09:00:00+09:00	347.0
2026-05-13T10:00:00+09:00	316.0
2026-05-13T11:00:00+09:00	240.0
2026-05-13T12:00:00+09:00	241.0
2026-05-13T13:00:00+09:00	252.0
2026-05-13T14:00:00+09:00	244.0
2026-05-13T15:00:00+09:00	1362.0
2026-05-13T16:00:00+09:00	435.0
2026-05-13T17:00:00+09:00	652.0
2026-05-13T18:00:00+09:00	292.0
2026-05-13T19:00:00+09:00	254.0
2026-05-13T20:00:00+09:00	263.0
2026-05-13T21:00:00+09:00	241.0
2026-05-13T22:00:00+09:00	249.0
2026-05-13T23:00:00+09:00	246.0
2026-05-14T00:00:00+09:00	319.0
2026-05-14T01:00:00+09:00	245.0
2026-05-14T02:00:00+09:00	256.0
2026-05-14T03:00:00+09:00	240.0
2026-05-14T04:00:00+09:00	245.0
2026-05-14T05:00:00+09:00	243.0
2026-05-14T06:00:00+09:00	240.0
2026-05-14T07:00:00+09:00	245.0
2026-05-14T08:00:00+09:00	286.0
2026-05-14T09:00:00+09:00	250.0
2026-05-14T10:00:00+09:00	349.0
2026-05-14T11:00:00+09:00	328.0
2026-05-14T12:00:00+09:00	270.0
2026-05-14T13:00:00+09:00	455.0
2026-05-14T14:00:00+09:00	383.0
2026-05-14T15:00:00+09:00	395.0
2026-05-14T16:00:00+09:00	531.0
2026-05-14T17:00:00+09:00	689.0
2026-05-14T18:00:00+09:00	255.0
2026-05-14T19:00:00+09:00	319.0
2026-05-14T20:00:00+09:00	360.0
2026-05-14T21:00:00+09:00	241.0
2026-05-14T22:00:00+09:00	245.0
2026-05-14T23:00:00+09:00	240.0
2026-05-15T00:00:00+09:00	240.0
2026-05-15T01:00:00+09:00	245.0
2026-05-15T02:00:00+09:00	332.0
2026-05-15T03:00:00+09:00	245.0
2026-05-15T04:00:00+09:00	240.0
2026-05-15T05:00:00+09:00	242.0
2026-05-15T06:00:00+09:00	245.0
2026-05-15T07:00:00+09:00	240.0
2026-05-15T08:00:00+09:00	270.0
2026-05-15T09:00:00+09:00	347.0
2026-05-15T10:00:00+09:00	431.0
2026-05-15T11:00:00+09:00	271.0
2026-05-15T12:00:00+09:00	584.0
2026-05-15T13:00:00+09:00	688.0
2026-05-15T14:00:00+09:00	314.0
2026-05-15T15:00:00+09:00	1030.0
2026-05-15T16:00:00+09:00	987.0
2026-05-15T17:00:00+09:00	721.0
2026-05-15T18:00:00+09:00	255.0
2026-05-15T19:00:00+09:00	242.0
2026-05-15T20:00:00+09:00	241.0
2026-05-15T21:00:00+09:00	256.0
2026-05-15T22:00:00+09:00	674.0
2026-05-15T23:00:00+09:00	240.0
2026-05-16T00:00:00+09:00	245.0
2026-05-16T01:00:00+09:00	240.0
2026-05-16T02:00:00+09:00	255.0
2026-05-16T03:00:00+09:00	240.0
2026-05-16T04:00:00+09:00	243.0
2026-05-16T05:00:00+09:00	245.0
2026-05-16T06:00:00+09:00	240.0
2026-05-16T07:00:00+09:00	245.0
2026-05-16T08:00:00+09:00	240.0
2026-05-16T09:00:00+09:00	240.0
2026-05-16T10:00:00+09:00	255.0
2026-05-16T11:00:00+09:00	240.0
2026-05-16T12:00:00+09:00	245.0
2026-05-16T13:00:00+09:00	240.0
2026-05-16T14:00:00+09:00	279.0
2026-05-16T15:00:00+09:00	1133.0
2026-05-16T16:00:00+09:00	240.0
2026-05-16T17:00:00+09:00	246.0
2026-05-16T18:00:00+09:00	250.0
2026-05-16T19:00:00+09:00	1194.0
2026-05-16T20:00:00+09:00	1307.0
2026-05-16T21:00:00+09:00	853.0
2026-05-16T22:00:00+09:00	929.0
2026-05-16T23:00:00+09:00	282.0
2026-05-17T00:00:00+09:00	285.0
2026-05-17T01:00:00+09:00	343.0
2026-05-17T02:00:00+09:00	319.0
2026-05-17T03:00:00+09:00	621.0
2026-05-17T04:00:00+09:00	637.0
2026-05-17T05:00:00+09:00	248.0
2026-05-17T06:00:00+09:00	249.0
2026-05-17T07:00:00+09:00	245.0
2026-05-17T08:00:00+09:00	240.0
2026-05-17T09:00:00+09:00	245.0
2026-05-17T10:00:00+09:00	252.0
2026-05-17T11:00:00+09:00	240.0
2026-05-17T12:00:00+09:00	246.0
2026-05-17T13:00:00+09:00	301.0
2026-05-17T14:00:00+09:00	279.0
2026-05-17T15:00:00+09:00	247.0
2026-05-17T16:00:00+09:00	347.0
2026-05-17T17:00:00+09:00	308.0
2026-05-17T18:00:00+09:00	297.0
2026-05-17T19:00:00+09:00	240.0
2026-05-17T20:00:00+09:00	265.0
2026-05-17T21:00:00+09:00	240.0
2026-05-17T22:00:00+09:00	245.0
2026-05-17T23:00:00+09:00	242.0
2026-05-18T00:00:00+09:00	240.0
2026-05-18T01:00:00+09:00	246.0
2026-05-18T02:00:00+09:00	241.0
2026-05-18T03:00:00+09:00	255.0
2026-05-18T04:00:00+09:00	240.0
2026-05-18T05:00:00+09:00	253.0
2026-05-18T06:00:00+09:00	247.0
2026-05-18T07:00:00+09:00	251.0
2026-05-18T08:00:00+09:00	269.0
2026-05-18T09:00:00+09:00	858.0
2026-05-18T10:00:00+09:00	383.0
2026-05-18T11:00:00+09:00	527.0
2026-05-18T12:00:00+09:00	286.0
